{
  "arrow": [
    0.022918495087957156,
    0.2322330979099506,
    0.3817418898561222,
    0.4711028837665193,
    0.7424681807281215,
    0.8422708946786602,
    0.9215180714754625,
    0.9685155545337453
  ],
  "modular": [
    0.031415053400162866,
    0.23707502902070435,
    0.4225004791948853,
    0.4883156072075526,
    0.7311649297887882,
    0.7511854066539411,
    0.7211171606288169,
    0.7828275941414762
  ],
  "control": [
    0.027043557503826005,
    0.03265601498488906,
    0.02445658345423295,
    0.05113965893654185,
    0.05606471145429267,
    0.01749582477714952,
    0.020719348529879233,
    0.0468495430144553
  ]
}