{
  "job_id": "d9a6k2d2su3c739l7l30",
  "backend": "ibm_kingston",
  "shots": 4000,
  "ticks": 8,
  "switch": 4,
  "pred": {
    "arrow": [
      6.0443533557040756e-15,
      0.2333266286509356,
      0.3778388650262938,
      0.4868380601165078,
      0.7183604410418399,
      0.8400694696835633,
      0.9078523006019287,
      0.9734267173821362
    ],
    "modular": [
      6.0443533557040756e-15,
      0.2333266286509356,
      0.3778388650262938,
      0.4868380601165078,
      0.7183604410418399,
      0.7183604410418403,
      0.7183604410418399,
      0.7183604410418399
    ],
    "control": [
      6.0443533557040756e-15,
      6.0443533557040756e-15,
      6.0443533557040756e-15,
      0.0,
      6.0443533557040756e-15,
      1.186666210648312e-14,
      1.186666210648312e-14,
      1.186666210648312e-14
    ]
  },
  "index": [
    [
      "arrow",
      0
    ],
    [
      "arrow",
      1
    ],
    [
      "arrow",
      2
    ],
    [
      "arrow",
      3
    ],
    [
      "arrow",
      4
    ],
    [
      "arrow",
      5
    ],
    [
      "arrow",
      6
    ],
    [
      "arrow",
      7
    ],
    [
      "modular",
      0
    ],
    [
      "modular",
      1
    ],
    [
      "modular",
      2
    ],
    [
      "modular",
      3
    ],
    [
      "modular",
      4
    ],
    [
      "modular",
      5
    ],
    [
      "modular",
      6
    ],
    [
      "modular",
      7
    ],
    [
      "control",
      0
    ],
    [
      "control",
      1
    ],
    [
      "control",
      2
    ],
    [
      "control",
      3
    ],
    [
      "control",
      4
    ],
    [
      "control",
      5
    ],
    [
      "control",
      6
    ],
    [
      "control",
      7
    ]
  ]
}